SYSTEM,PTYPE,PID,ITEM,ITYPE,MIN,MAX,DEFAULT,DESCRIPTION,CFGID,FLAG,RESTART
dc,global,global,configdb_ip,IP,0,4294967295,0,the ip of the configdb,10000001,0,"etl,etli,dss,ras"
dc,global,global,configdb_lport,INT,0,65535,3306,the port of the configdb,10000002,0,"etl,etli,dss,ras"
dc,global,global,configdb_name,STRING,0,127,cfg_db,the name of the configdb,10000003,0,"etl,etli,dss,ras"
dc,global,global,lms,STRING,0,127,0,"the interface config,fill in the process seq,and multi-seqs are divided by Comma(,)",10000004,0,pam
dc,global,global,decoder,STRING,0,127,0,"the interface config,fill in the process seq,and multi-seqs are divided by Comma(,)",10000005,0,etli
dc,global,global,block,STRING,0,127,0,"the interface config,fill in the process seq,and multi-seqs are divided by Comma(,)",10000006,0,etli
dc,global,global,pam,STRING,0,127,0,"the interface config,fill in the process seq,and multi-seqs are divided by Comma(,)",10000007,0,ras
dc,global,global,qs,STRING,0,127,0,"the interface config,fill in the process seq,and multi-seqs are divided by Comma(,)",10000008,0,esq
dc,global,global,dcipdrdb_warning_threshold,INT,0,90,80,"the warning threshold of dcipdrdb databases,fill in percentage,eg:80%,fill in 80. ",10000009,0,dss
dc,global,global,dcipdrdb_delete_threshold,INT,0,99,90,"the deleted threshold of dcipdrdb databases,fill in percentage,eg:90%,fill in 90. ",10000010,0,dss
dc,global,global,dcipdrdb,INT,0,32,1,the number of dcipdrdb databases,10000011,1,"qs,dss,etl,ras,jqs"
dc,global,global,dcipdrdb_x_ip,IP,0,4294967295,0,the ip of one dcipdrdb database,10000012,0,"qs,dss,etl,ras,jqs"
dc,global,global,dcipdrdb_x_lport,INT,0,65535,3306,the port of one dcipdrdb database,10000013,0,"qs,dss,etl,ras,jqs"
dc,global,global,dcipdrdb_x_name,STRING,0,127,dcipdrdb,the name of one dcipdrdb database,10000014,0,"qs,dss,etl,ras,jqs"
dc,global,global,dcipdrdb_x_storage,STRING,0,127,all,"one dcipdrdb database stores kinds of protocols.it includes serveral protocols(mail; imtext; imftp; voip; telnet; ftp; www; aaa; dhcp; mails; dns; p2p; foip; snmp; sns; mms; ssh; nntp; block. divided by semicolon(;)), all, main(mail;im;voip), general(except main;httpmap), httpmap. ",10000015,0,"qs,dss,etl,ras,jqs"
dc,global,global,dcipdrdb_x_size,INT,0,4294967295,0,"the size of one dcipdrdb database,and the unit is MB",10000016,0,dss
dc,global,global,accpwd_db_ip,IP,0,4294967295,0,the ip of one accpwd_db database,10000017,0,"lms,etl,qs"
dc,global,global,accpwd_db_lport,INT,0,65535,3306,the port of one accpwd_db database,10000018,0,"lms,etl,qs"
dc,global,global,accpwd_db_name,STRING,0,127,accpwd_db,the name of one accpwd_db database,10000019,0,"lms,etl,qs"
dc,global,global,aaadb_ip,IP,0,4294967295,0,the ip of one aaa_db database,10000020,0,"ras,pam,qs"
dc,global,global,aaadb_lport,INT,0,65535,3306,the port of one aaa_db database,10000021,0,"ras,pam,qs"
dc,global,global,aaadb_name,STRING,0,127,aaa_db,the name of one aaa_db database,10000022,0,"ras,pam,qs"
dc,global,global,statdb_warning_threshold,INT,0,90,80,"the warning threshold of statdb databases,fill in percentage,eg:80%,fill in 80. ",10000023,0,dss
dc,global,global,statdb_delete_threshold,INT,0,99,90,"the deleted threshold of statdb databases,fill in percentage,eg:90%,fill in 90. ",10000024,0,dss
dc,global,global,statdb,INT,0,32,1,the number of statdb databases,10000025,1,"qs,dss,etl,ras,jqs"
dc,global,global,statdb_x_ip,IP,0,4294967295,0,the ip of one statdb database,10000026,0,"qs,dss,etl,ras,jqs"
dc,global,global,statdb_x_lport,INT,0,65535,3306,the port of one statdb database,10000027,0,"qs,dss,etl,ras,jqs"
dc,global,global,statdb_x_name,STRING,0,127,statdb,the name of one statdb database,10000028,0,"qs,dss,etl,ras,jqs"
dc,global,global,statdb_x_storage,STRING,0,127,all,"one statdb database stores kinds of protocols. it includes serveral types(all; stat_aaa; stat_web,stat_comm)",10000029,0,"qs,dss,etl,ras,jqs"
dc,global,global,statdb_x_size,INT,0,4294967295,0,"the size of one statdb database,and the unit is MB",10000030,0,dss
dc,global,global,dpi,STRING,0,127,0,"the interface config,fill in the process seq,and multi-seqs are divided by Comma(,)",10000031,0,etli
dc,global,global,snsdb_warning_threshold,INT,0,90,80,"the warning threshold of snsdb databases,fill in percentage,eg:80%,fill in 80. ",10000032,0,sda
dc,global,global,snsdb_delete_threshold,INT,0,99,90,"the deleted threshold of snsdb databases,fill in percentage,eg:90%,fill in 90. ",10000033,0,sda
dc,global,global,snsdb,INT,0,32,1,the number of snsdb databases,10000034,1,sda
dc,global,global,snsdb_x_ip,IP,0,4294967295,0,the ip of one snsdb database,10000035,0,sda
dc,global,global,snsdb_x_lport,INT,0,65535,0,the port of one snsdb database,10000036,0,sda
dc,global,global,snsdb_x_name,STRING,0,127,sns_db,the name of one snsdb database,10000037,0,sda
dc,global,global,snsdb_x_storage,STRING,0,127,all,one snsdb database stores kinds of protocols. it includes serveral types(all; comm; web),10000038,0,sda
dc,global,global,snsdb_x_size,INT,0,4294967295,0,"the size of one snsdb database,and the unit is MB",10000039,0,sda
dc,global,global,aaauserdb_ip,IP,0,4294967295,0,the ip of one aaauser_db database,10000040,0,qs
dc,global,global,aaauserdb_lport,INT,0,65535,3306,the port of one aaauser_db database,10000041,0,qs
dc,global,global,aaauserdb_name,STRING,0,32,,the name of one aaauser_db database,10000042,0,qs
dc,global,global,aaauserdb_user,STRING,0,32,,the username of one aaauser_db database,10000043,0,qs
dc,global,global,aaauserdb_passwd,STRING,0,32,,the password of one aaauser_db database,10000044,0,qs
dc,global,global,pmadb_ip,IP,0,4294967295,0,the ip of one pma_db database,10000045,0,"qs,dss,etl,ras"
dc,global,global,pmadb_lport,INT,0,65535,3306,the port of one pma_db database,10000046,0,"qs,dss,etl,ras"
dc,global,global,pmadb_name,STRING,0,127,pma_db,the name of one pma_db database,10000047,0,"qs,dss,etl,ras"
dc,global,global,xjstatdb_warning_threshold,INT,0,90,80,"the warning threshold of statdb databases,fill in percentage,eg:80%,fill in 80. ",10000048,0,dss
dc,global,global,xjstatdb_delete_threshold,INT,0,99,90,"the deleted threshold of statdb databases,fill in percentage,eg:90%,fill in 90. ",10000049,0,dss
dc,global,global,xjstatdb,INT,0,32,1,the number of statdb databases,10000050,1,"qs,dss,etl,ras,jqs"
dc,global,global,xjstatdb_x_ip,IP,0,4294967295,0,the ip of one statdb database,10000051,0,"qs,dss,etl,ras,jqs"
dc,global,global,xjstatdb_x_lport,INT,0,65535,3306,the port of one statdb database,10000052,0,"qs,dss,etl,ras,jqs"
dc,global,global,xjstatdb_x_name,STRING,0,127,stat_db,the name of one statdb database,10000053,0,"qs,dss,etl,ras,jqs"
dc,global,global,xjstatdb_x_storage,STRING,0,127,stat,one statdb database stores kinds of protocols. it includes serveral types(all; stat),10000054,0,"qs,dss,etl,ras,jqs"
dc,global,global,xjstatdb_x_size,INT,0,4294967295,0,"the size of one statdb database,and the unit is MB",10000055,0,dss
dc,global,global,rawdb_warning_threshold,INT,0,90,80,"the warning threshold of statdb databases,fill in percentage,eg:80%,fill in 80. ",10000056,0,dss
dc,global,global,rawdb_delete_threshold,INT,0,99,90,"the deleted threshold of statdb databases,fill in percentage,eg:90%,fill in 90. ",10000057,0,dss
dc,global,global,rawdb,INT,0,32,1,the number of statdb databases,10000058,1,"qs,dss,etl,ras,jqs"
dc,global,global,rawdb_x_ip,IP,0,4294967295,0,the ip of one statdb database,10000059,0,"qs,dss,etl,ras,jqs"
dc,global,global,rawdb_x_lport,INT,0,65535,3306,the port of one statdb database,10000060,0,"qs,dss,etl,ras,jqs"
dc,global,global,rawdb_x_name,STRING,0,127,raw_db,the name of one statdb database,10000061,0,"qs,dss,etl,ras,jqs"
dc,global,global,rawdb_x_storage,STRING,0,127,all,"one statdb database stores kinds of protocols. it includes serveral types(all;object;bigsize;general,event)",10000062,0,"qs,dss,etl,ras,jqs"
dc,global,global,rawdb_x_size,INT,0,4294967295,0,"the size of one statdb database,and the unit is MB",10000063,0,dss
dc,global,global,dces_warning_threshold,INT,0,90,80,"the warning threshold of elastic,fill in percentage,eg:80%,fill in 80. ",10000064,0,esw
dc,global,global,dces_delete_threshold,INT,0,99,90,"the deleted threshold of elastic,fill in percentage,eg:90%,fill in 90. ",10000065,0,esw
dc,global,global,dces_ip,STRING,0,255,,"the ipaddr list of mc elastic cluster,divided by Comma(,)",10000069,0,"esm,etl,ead,mes,qs"
dc,global,global,dces_node_cpu_threshold,INT,0,90,90,"the node cpu threshold of elastic,fill in percentage,eg:90%,fill in 90. ",10000070,0,esm
dc,global,global,dces_node_mem_threshold,INT,0,90,90,"the node mem threshold of elastic,fill in percentage,eg:90%,fill in 90.",10000071,0,esm
dc,global,global,dces_node_disk_threshold,INT,0,85,85,"the node disk threshold of elastic,fill in percentage,eg:90%,fill in 90.",10000072,0,esm
dc,global,global,dces_cluster_name,STRING,0,127,,the name of dc elastic cluster,10000073,0,esm
dc,global,global,redis_ipdr_outer,STRING,0,127,192.168.1.1:27017,internet ipdr data instance,10000074,0,etl
dc,global,global,redis_ipdr_inner,STRING,0,127,192.168.1.1:27017,intranet ipdr data instance,10000075,0,etl
dc,global,global,redis_status_outer,STRING,0,127,192.168.1.1:27017,internet status monitoring instance,10000076,0,etl
dc,global,global,redis_status_inner,STRING,0,127,192.168.1.1:27017,intranet status monitoring instance,10000077,0,etl
dc,global,global,mongoDB,STRING,0,127,192.168.1.1:27017,the ip of the MongoDB,10000078,0,etl
dc,global,global,stat_db_type,STRING,0,127,mysql,stat db type,10000079,0,qs
dc,global,global,mpp_db_user,STRING,0,127,postgres,the user name of mpp cluster,10000080,0,qs
dc,global,global,mpp_db_pwd,STRING,0,127,postgres,the pwd of mpp cluster,10000081,0,qs
dc,global,global,reldb_warning_threshold,INT,0,90,80,"the warning threshold of reldb databases,fill in percentage,eg:80%,fill in 80. ",10000082,0,mcw
dc,global,global,reldb_delete_threshold,INT,0,99,90,"the deleted threshold of reldb databases,fill in percentage,eg:90%,fill in 90. ",10000083,0,mcw
dc,global,global,reldb,INT,0,32,1,the number of reldb databases.,10000084,1,mcw
dc,global,global,reldb_x_ip,IP,0,4294967295,0,the ip of one reldb database.,10000085,0,mcw
dc,global,global,reldb_x_lport,INT,0,65535,3306,the port of one reldb database.,10000086,0,mcw
dc,global,global,reldb_x_name,STRING,0,127,reldb,the name of one reldb database.,10000087,0,mcw
dc,global,global,reldb_x_storage,STRING,0,127,all,one reldb database stores kinds of protocols.,10000088,0,mcw
dc,global,global,reldb_x_size,INT,0,4294967295,0,"the size of one reldb database,and the unit is MB.",10000089,0,mcw
dc,global,global,redisdup,INT,0,100,3,redis duplication information,10000090,1,etl
dc,global,global,redisdup_x_client,STRING,0,127,,client information,10000091,0,etl
dc,global,global,redisdup_x_db,STRING,0,127,user:pwd@1.1.1.1:5017:3,redis information,10000092,0,etl
dc,global,global,vm,STRING,0,127,0,"the interface config,fill in the process seq,and multi-seqs are divided by Comma(,)",10000093,0,etl
dc,etl,global,thread_num,INT,1,20,3,the thread number of the process etl for parse data,10060001,0,etl
dc,etl,seq,ip,IP,0,4294967295,0,the ip of the etl process,10060002,0,"one,etli,dss,ras"
dc,etl,seq,port,INT,0,65536,0,the port of the etl process,10060003,0,"one,etli,dss,ras"
dc,etl,global,access_file_location,STRING,0,127,ipdr,the storage path of file,10060004,0,etl
dc,etl,global,access_file_size,INT,0,1000000000,7000000,the size of file ,10060005,0,etl
dc,etl,seq,file_dir,STRING,0,127,/home/file,the path of file ,10060006,0,etl
dc,ufds,global,timeout,INT,0,5000,120,the timeout second that ufds close a file if no oper of that file happened,10070001,0,"ufds,decoder"
dc,ufds,seq,ip,IP,0,4294967295,0,the ip of the ufds process,10070002,0,"one,decoder,etl"
dc,ufds,seq,port,INT,0,65535,0,the port of the ufds process,10070003,0,"one,decoder"
dc,ufds,seq,user,STRING,0,127,0,the user name of samba service,10070004,0,etl
dc,ufds,seq,passwd,STRING,0,127,0,the user password of samba service,10070005,0,etl
dc,ufds,seq,topdir,STRING,0,127,/home/array,the top dir that config to save files and max dir len is 20(include /),10070006,0,"decoder,etl"
dc,ufds,seq,decoder,STRING,0,127,0,"the seq of decoders that connect to ufds,and multi-seqs are divided by Comma(,)",10070007,0,one
dc,ufds,seq,file_max,INT,1,1000000,200000,the max file num that ufds can handle concurrently,10070008,0,one
dc,ufds,seq,vm,STRING,0,127,0,"the seq of decoders that connect to ufds,and multi-seqs are divided by Comma(,)",10070009,0,one
dc,ead,seq,ip,IP,0,4294967295,0,the ip of the ead process,10390001,0,"one,etl"
dc,ead,seq,port,INT,0,65536,0,the port of the ead process,10390002,0,"one,etl"
dc,ead,seq,work_thread_num,INT,0,32,0,the thread number of work,10390003,0,"one,etl"
dc,esm,seq,ip,IP,0,4294967295,0,the ip of the esm process,10410001,0,"one,esm"
dc,esm,seq,port,INT,0,65536,0,the port of the esm process,10410002,0,"one,etl"
dc,mcw,seq,ip,IP,0,4294967295,0,the ip of the mcw process,10380001,0,"mcw,etl"
dc,mcw,seq,port,INT,0,65535,0,the port of the mcw process,10380002,0,"mcw,etl"
dc,mcw,seq,trans_thread.num,INT,1,15,3,the thread num of mcw trans thread,10380003,0,one
dc,mcw,seq,load_thread.num,INT,1,15,3,the thread num of mcw load thread,10380004,0,one
dc,mcw,seq,rawdb.index,STRING,0,127,,"the index of the dc database,serveral databases are divided by comma(,).",10380005,0,"mcw,etl"
dc,mcw,seq,statdb.index,STRING,0,127,,"the index of the stat database,serveral databases are divided by comma(,).",10380006,0,"mcw,etl"
dc,mcw,seq,pmadb.index,STRING,0,127,1,"the index of the pma database,serveral databases are divided by comma(,).",10380007,0,"mcw,etl"
dc,mcw,seq,aaadb.index,STRING,0,127,1,"the index of the aaa database,serveral databases are divided by comma(,).",10380008,0,"mcw,etl"
dc,mcw,seq,configdb2.6_ip,IP,0,4294967295,0,the ip of mcw2.6,10380009,0,"mcw,etl"
dc,mcw,seq,ipdr_file_path,STRING,0,127,,the top dir that config to save files and max dir len is 20(include /),10380010,0,one
dc,mcw,seq,reldb.index,STRING,0,127,0,"the index of the relation database,serveral databases are divided by comma(,).",10380011,0,mcw
dc,idms,seq,ip,IP,0,4294967295,0,the ip of the idms process,10590004,0,idms
dc,idms,seq,port,INT,0,65536,0,the port of the idms process,10590005,0,idms
dc,olps,seq,ip,IP,0,4294967295,0,the ip of the olps process,10520001,0,olps
dc,olps,seq,port,INT,0,65536,0,the port of the olps process,10520002,0,olps
dc,olps,seq,service_url,STRING,0,127,,the url of the olps process,10520003,0,olps
mc,global,global,configdb_ip,IP,0,4294967295,0,the ip of the configdb,20000001,0,"etl,etli,dss,ras,qs,jqs"
mc,global,global,configdb_lport,INT,0,65535,3306,the port of the configdb,20000002,0,"etl,etli,dss,ras,qs,jqs"
mc,global,global,configdb_name,STRING,0,127,cfg_db,the name of the configdb,20000003,0,"etl,etli,dss,ras,qs,jqs"
mc,global,global,ufds,STRING,0,127,0,"the interface config,fill in the process seq,and multi-seqs are divided by Comma(,)",20000004,0,"etl,hqa"
mc,global,global,block,STRING,0,127,0,"the interface config,fill in the process seq,and multi-seqs are divided by Comma(,)",20000005,0,lms
mc,global,global,decoder,STRING,0,127,0,"the interface config,fill in the process seq,and multi-seqs are divided by Comma(,)",20000006,0,lms
mc,global,global,lmsdb_ip,IP,0,4294967295,0,the ip of the lmsdb,20000007,0,"lms,qs,jqs"
mc,global,global,lmsdb_lport,INT,0,65535,3306,the port of the lmsdb,20000008,0,"lms,qs,jqs"
mc,global,global,lmsdb_name,STRING,0,127,lms_db,the name of the lmsdb,20000009,0,"lms,qs,jqs"
mc,global,global,ipdr_file_ip,IP,0,4294967295,0,the ip of clue ipdr fileserver,20000010,0,etl
mc,global,global,ipdr_file_path,STRING,0,127,/home/ipdr_clue,the filepath of clue ipdr fileserver and max dir len is 20(include /),20000011,0,etl
mc,global,global,ipdr_file_user,STRING,0,127,0,the user of clue ipdr fileserver service samba,20000012,0,etl
mc,global,global,ipdr_file_passwd,STRING,0,127,0,the passwd of clue ipdr fileserver service samba,20000013,0,etl
mc,global,global,mcipdrdb_ip,IP,0,4294967295,0,the ip of one mcipdrdb database,20000014,0,"etl,qs,lms,dss"
mc,global,global,mcipdrdb_lport,INT,0,65535,3306,the port of one mcipdrdb database,20000015,0,"etl,qs,lms,dss"
mc,global,global,mcipdrdb_name,STRING,0,127,mcipdrdb,the name of one mcipdrdb database,20000016,0,"etl,qs,lms,dss"
mc,global,global,mcipdrdb_size,INT,0,4294967295,0,"the size of one mcipdrdb database,and the unit is MB",20000017,0,dss
mc,global,global,mcipdrdb_warning_threshold,INT,0,90,80,"the warning threshold of mcipdrdb databases,fill in percentage,eg:80%,fill in 80. ",20000018,0,dss
mc,global,global,mcipdrdb_delete_threshold,INT,0,99,90,"the deleted threshold of mcipdrdb databases,fill in percentage,eg:90%,fill in 90. ",20000019,0,dss
mc,global,global,ipdr_file_warning_threshold,INT,1,100,80,"the warning threshold of mcipdr file system,fill in percentage,eg:80%,fill in 80. ",20000020,0,etl
mc,global,global,ipdr_file_delete_threshold,INT,1,100,90,"the deleted threshold of mcipdr file system,fill in percentage,eg:90%,fill in 90. ",20000021,0,etl
mc,global,global,white_switch,INT,0,1,1,the switch of white list manage,20000022,0,lms
mc,global,global,filter_white_switch,INT,0,1,1,the switch of filter white list manage,20000023,0,lms
mc,global,global,mces_warning_threshold,INT,0,90,80,"the warning threshold of elastic,fill in percentage,eg:80%,fill in 80. ",20000024,0,esw
mc,global,global,mces_delete_threshold,INT,0,99,90,"the deleted threshold of elastic,fill in percentage,eg:90%,fill in 90. ",20000025,0,esw
mc,global,global,mces_ip,STRING,0,127,,"the ipaddr list of mc elastic cluster,divided by Comma(,)",20000026,0,"esw,esq"
mc,global,global,mces_port,INT,0,9300,0,the port of the dc mc port,20000027,0,jqs
mc,global,global,mces_cluster_name,STRING,0,127,,mc cluster name,20000028,0,jqs
mc,global,global,dces_ip,STRING,0,127,,"the ipaddr list of dc elastic cluster,divided by Comma(,)",20000029,0,jqs
mc,global,global,dces_port,INT,0,9300,0,the port of the dc es port,20000030,0,jqs
mc,global,global,dces_cluster_name,STRING,0,127,,dc cluster name,20000031,0,jqs
mc,global,global,dc_esq,STRING,0,127,,"the interface config,fill in the process seq,and multi-seqs are divided by Comma(,)",20000032,0,"qs,jqs"
mc,global,global,dc_esw,STRING,0,127,,"the interface config,fill in the process seq,and multi-seqs are divided by Comma(,)",20000033,0,lms
mc,global,global,pmsdb_ip,IP,0,4294967295,0,the ip of the pmsdb,20000034,0,"lms,pam,qs,jqs"
mc,global,global,pmsdb_lport,INT,0,65535,3306,the port of the pmsdb,20000035,0,"lms,pam,qs,jqs"
mc,global,global,pmsdb_name,STRING,0,127,pms_db,the name of the pmsdb,20000036,0,"lms,pam,qs,jqs"
mc,lms,seq,ip,IP,0,4294967295,0,the ip of the lms process,20100001,0,"one,mf,dpi,hmp,mdp,qs,pam"
mc,lms,seq,port,INT,0,65536,0,the port of the lms process,20100002,0,"one,mf,dpi,hmp,mdp,qs,pam"
mc,jqs,global,thread_pool,INT,30,1000,100,the threadpool size,20320001,0,jqs
mc,jqs,global,oper_num,INT,1,100,5,the number of system user,20320002,0,jqs
mc,jqs,seq,ip,IP,0,4294967295,0,the ip of the qs process,20320003,0,one
mc,jqs,seq,port,INT,0,65536,0,the port of the qs process,20320004,0,one
mc,jqs,seq,service_url,STRING,0,127,0,the address of qs,20320005,0,jqs
mc,rms,seq,ip,IP,0,4294967295,0,the ip of the rms process,20370001,0,"rms,lms"
mc,rms,seq,port,INT,0,65536,0,the port of the rms process,20370002,0,"rms,lms"
mc,pcm,seq,ip,IP,0,4294967295,0,the ip of the pcm process,20640001,0,pcm
mc,pcm,seq,port,INT,0,65536,0,the port of the pcm process,20640002,0,pcm
mc,vcs,seq,ip,IP,0,4294967295,0,the ip of the vcs process,20650001,0,vcs
mc,vcs,seq,port,INT,0,65536,0,the port of the vcs process,20650002,0,vcs
mc,etl,global,thread_num,INT,1,20,3,the thread number of the process etl for parse data,20060001,0,etl
mc,etl,seq,ip,IP,0,4294967295,0,the ip of the etl process,20060002,0,etl
mc,etl,seq,port,INT,0,65536,0,the port of the etl process,20060003,0,etl
mc,fileEx,seq,ip,IP,0,4294967295,0,the ip of the fileExtract process,20660001,0,fileEx
mc,fileEx,seq,port,INT,0,65536,0,the port of the fileExtract process,20660002,0,fileEx
probe,global,global,fts,STRING,0,127,0,"the interface config,fill in the process seq,and multi-seqs are divided by Comma(,)",30000001,0,mf
probe,global,global,upmsdb_ip,IP,0,4294967295,0,the ip of the upmsdb,30000002,0,"upms,qs,etl"
probe,global,global,upmsdb_lport,INT,0,65535,3306,the port of the upmsdb,30000003,0,"upms,qs,etl"
probe,global,global,upmsdb_name,STRING,0,127,upms_db,the name of the upmsdb,30000004,0,"upms,qs,etl"
probe,global,global,lms_max_clue_num,STRING,0,127,3000,"the interface config,fill in the max clue num of the lms process,must be the same order that lms configs,and multi-nums are divided by Comma(,)",30000005,0,mf
probe,global,global,lms,STRING,0,127,0,"the interface config,fill in the process seq,and multi-seqs are divided by Comma(,)",30000006,0,mf
probe,global,global,mc_etli,STRING,0,127,0,"the interface config,fill in the process seq,and multi-seqs are divided by Comma(,)",30000007,0,mf
probe,global,global,dc_etli,STRING,0,127,0,"the interface config,fill in the process seq,and multi-seqs are divided by Comma(,)",30000008,0,"mf,block"
probe,global,global,domain,INT,0,64,1,the number of domain,30000009,1,"edpi,hmp,xmp"
probe,global,global,domain_x_name,STRING,0,127,0,"the domain name of proto,syntax format:proto name/domain name 1/domain name 2/domain name n,and multi domain name are divided by Comma(/)",30000010,0,"edpi,hmp,xmp"
probe,global,global,sda,STRING,0,127,0,"the interface config,fill in the process seq,and multi-seqs are divided by Comma(,)",30000011,0,mf
probe,global,global,lpd,STRING,0,127,0,"the lpd config,multi ip/port are divided by Comma(,)",30000012,0,"upms,edpi"
probe,global,global,http_push_switch,INT,0,1,0,the http push switch,30000013,0,"upms,block"
probe,global,global,mc_rms,STRING,0,127,0,"the interface config,fill in the process seq,and multi-seqs are divided by Comma(,)",30000014,0,dpi
probe,global,global,mc_etl,STRING,0,127,0,"the interface config,fill in the process seq,and multi-seqs are divided by Comma(,)",30000015,0,mf
probe,global,global,dc_etl,STRING,0,127,0,"the interface config,fill in the process seq,and multi-seqs are divided by Comma(,)",30000016,0,"mf,block.dpi"
probe,global,global,configdb_ip,IP,0,4294967295,0,the ip of the configdb,30000017,0,one
probe,global,global,configdb_lport,INT,0,65535,3306,the port of the configdb,30000018,0,one
probe,global,global,configdb_name,STRING,0,127,cfg_db,the name of the configdb,30000019,0,one
probe,decoder,seq,ip,IP,0,4294967295,0,decoder ip,30020001,0,"decoder,mf,dpi,ufds"
probe,decoder,seq,port,INT,0,65536,0,decoder port,30020002,0,"decoder,mf,dpi,ufds,lms,wcp"
probe,decoder,seq,max_flow,INT,0,10000,1000,decoder max flow by Mbps,30020003,0,decoder
probe,decoder,seq,capmac,STRING,0,127,0,decoder cap interface name,30020004,0,"decoder,dpi,wcp"
probe,decoder,seq,decoder_num,INT,0,99,0,decoder index num,30020005,0,decoder
probe,decoder,seq,buf,INT,1,2048000,1000000,decoder driver buf size,30020006,0,decoder
probe,decoder,seq,cap_type,INT,0,2,1,"decoder driver cap type,0:pcap,1:driver,2:localfile",30020007,0,decoder
probe,decoder,seq,lfile_num,INT,1,20000,10000,decoder localfile cache num,30020008,0,decoder
probe,decoder,seq,mf_seq,STRING,0,127,0,decoder mf seq,30020009,0,decoder
probe,decoder,seq,ufds_seq,STRING,0,127,0,decoder ufds seq,30020010,0,decoder
probe,decoder,seq,http.thread,INT,0,10,0,the thread num of HTTP protocol,30020011,0,"decoder,dpi,wcp"
probe,decoder,seq,http.session,INT,1,1000000,100000,the max session num of each HTTP thread,30020012,0,decoder
probe,decoder,seq,http.linknum,INT,1,1000000,100000,the max link num of HTTP protocol,30020013,0,decoder
probe,decoder,seq,http.timeout,INT,1,300,12,the max timeout of HTTP link,30020014,0,decoder
probe,decoder,seq,http.httpsort_session,INT,1,1000000,100000,the max session num of httpsort in HTTP protocol,30020015,0,decoder
probe,decoder,seq,http.httpsort_reqack,INT,1,10,5,the max req and resp cache num of httpsort in HTTP protocol,30020016,0,decoder
probe,decoder,seq,http.httpsort_stick,INT,1,10,5,the max stick cache num of httpsort in HTTP protocol,30020017,0,decoder
probe,decoder,seq,yhim.thread,INT,0,10,0,the thread num of YHIM protocol,30020018,0,"decoder,dpi"
probe,decoder,seq,yhim.session,INT,1,1000000,5000,the max session num of each YHIM thread,30020019,0,decoder
probe,decoder,seq,yhim.linknum,INT,1,1000000,5000,the max link num of YHIM protocol,30020020,0,decoder
probe,decoder,seq,yhim.timeout,INT,1,300,12,the max timeout of YHIM link,30020021,0,decoder
probe,decoder,seq,yhimftp.thread,INT,0,10,0,the thread num of YHIMFTP protocol,30020022,0,"decoder,dpi"
probe,decoder,seq,yhimftp.session,INT,1,1000000,5000,the max session num of each YHIMFTP thread,30020023,0,decoder
probe,decoder,seq,yhimftp.linknum,INT,1,1000000,5000,the max link num of YHIMFTP protocol,30020024,0,decoder
probe,decoder,seq,yhimftp.timeout,INT,1,300,12,the max timeout of YHIMFTP link,30020025,0,decoder
probe,decoder,seq,smtp.thread,INT,0,10,0,the thread num of SMTP protocol,30020026,0,"decoder,dpi"
probe,decoder,seq,smtp.session,INT,1,1000000,10000,the max session num of each SMTP thread,30020027,0,decoder
probe,decoder,seq,smtp.linknum,INT,1,1000000,10000,the max link num of SMTP protocol,30020028,0,decoder
probe,decoder,seq,smtp.timeout,INT,1,300,12,the max timeout of SMTP link,30020029,0,decoder
probe,decoder,seq,smtp.frag_num,INT,1,20000,10000,the session num of mail header been fraged,30020030,0,decoder
probe,decoder,seq,smtp.header_len,INT,1,102400,8000,the max length of mail header,30020031,0,decoder
probe,decoder,seq,smtp.acct_num,INT,1,10,5,the max num of mail receiver,30020032,0,decoder
probe,decoder,seq,pop3.thread,INT,0,10,0,the thread num of POP3 protocol,30020033,0,"decoder,dpi"
probe,decoder,seq,pop3.session,INT,1,1000000,10000,the max session num of each POP3 thread,30020034,0,decoder
probe,decoder,seq,pop3.linknum,INT,1,1000000,10000,the max link num of POP3 protocol,30020035,0,decoder
probe,decoder,seq,pop3.timeout,INT,1,300,12,the max timeout of POP3 link,30020036,0,decoder
probe,decoder,seq,pop3.frag_num,INT,1,20000,10000,the session num of mail header been fraged,30020037,0,decoder
probe,decoder,seq,pop3.header_len,INT,1,102400,8000,the max length of mail header,30020038,0,decoder
probe,decoder,seq,imap.thread,INT,0,10,0,the thread num of IMAP protocol,30020039,0,"decoder,dpi"
probe,decoder,seq,imap.session,INT,1,1000000,10000,the max session num of each IMAP thread,30020040,0,decoder
probe,decoder,seq,imap.linknum,INT,1,1000000,10000,the max link num of IMAP protocol,30020041,0,decoder
probe,decoder,seq,imap.timeout,INT,1,300,12,the max timeout of IMAP link,30020042,0,decoder
probe,decoder,seq,imap.frag_num,INT,1,20000,10000,the session num of mail header been fraged,30020043,0,decoder
probe,decoder,seq,imap.header_len,INT,1,102400,8000,the max length of mail header,30020044,0,decoder
probe,decoder,seq,ftp.thread,INT,0,10,0,the thread num of FTP control protocol,30020045,0,"decoder,dpi"
probe,decoder,seq,ftp.session,INT,1,1000000,5000,the max session num of FTP control protocol,30020046,0,decoder
probe,decoder,seq,ftp.linknum,INT,1,1000000,5000,the max link num of FTP control protocol,30020047,0,decoder
probe,decoder,seq,ftp.timeout,INT,1,300,120,the max timeout of FTP control link,30020048,0,decoder
probe,decoder,seq,ftp_data.thread,INT,0,10,0,the thread num of FTP data protocol,30020049,0,decoder
probe,decoder,seq,ftp_data.session,INT,1,1000000,5000,the max session num of FTP data protocol,30020050,0,decoder
probe,decoder,seq,ftp_data.linknum,INT,1,1000000,5000,the max link num of FTP data protocol,30020051,0,decoder
probe,decoder,seq,ftp_data.timeout,INT,1,300,12,the max timeout of FTP data link,30020052,0,decoder
probe,decoder,seq,paltalk_ctrl.thread,INT,0,10,0,the thread num of PALTALK Ctrl protocol,30020053,0,"decoder,dpi"
probe,decoder,seq,paltalk_ctrl.session,INT,1,1000000,5000,the max session num of PALTALK Ctrl protocol,30020054,0,decoder
probe,decoder,seq,paltalk_ctrl.linknum,INT,1,1000000,5000,the max link num of PALTALK Ctrl protocol,30020055,0,decoder
probe,decoder,seq,paltalk_ctrl.timeout,INT,1,300,15,the max timeout of PALTALK Ctrl link,30020056,0,decoder
probe,decoder,seq,paltalk_data.thread,INT,0,10,0,the thread num of PALTALK Data protocol,30020057,0,"decoder,dpi"
probe,decoder,seq,paltalk_data.session,INT,1,1000000,5000,the max session num of PALTALK Data protocol,30020058,0,decoder
probe,decoder,seq,paltalk_data.linknum,INT,1,1000000,5000,the max link num of PALTALK Data protocol,30020059,0,decoder
probe,decoder,seq,paltalk_data.timeout,INT,1,300,15,the max timeout of PALTALK Data link,30020060,0,decoder
probe,decoder,seq,radius.thread,INT,0,10,0,the thread num of RADIUS protocol,30020061,0,"decoder,dpi"
probe,decoder,seq,radius.session,INT,1,1000000,5000,the max session num of RADIUS protocol,30020062,0,decoder
probe,decoder,seq,radius.linknum,INT,1,1000000,5000,the max link num of RADIUS protocol,30020063,0,decoder
probe,decoder,seq,radius.timeout,INT,1,300,12,the max timeout of RADIUS link,30020064,0,decoder
probe,decoder,seq,snmp.thread,INT,0,10,0,the thread num of SNMP protocol,30020065,0,"decoder,dpi"
probe,decoder,seq,snmp.session,INT,1,1000000,5000,the max session num of SNMP protocol,30020066,0,decoder
probe,decoder,seq,snmp.linknum,INT,1,1000000,5000,the max link num of SNMP protocol,30020067,0,decoder
probe,decoder,seq,snmp.timeout,INT,1,300,12,the max timeout of SNMP link,30020068,0,decoder
probe,decoder,seq,gmails.thread,INT,0,10,0,the thread num of GMAILS protocol,30020069,0,decoder
probe,decoder,seq,gmails.session,INT,1,200000,5000,the max session num of each GMAILS thread,30020070,0,decoder
probe,decoder,seq,gmails.linknum,INT,1,200000,5000,the max link num of GMAILS protocol,30020071,0,decoder
probe,decoder,seq,gmails.timeout,INT,1,300,100,the max timeout of GMAILS link,30020072,0,decoder
probe,decoder,seq,gmails.frag_num,INT,1,20000,5000,the session num of mail header been fraged,30020073,0,decoder
probe,decoder,seq,gmails.header_len,INT,1,102400,4096,the max length of mail header,30020074,0,decoder
probe,decoder,seq,livemails.thread,INT,0,10,0,the thread num of LIVEMAILS protocol,30020075,0,decoder
probe,decoder,seq,livemails.session,INT,1,200000,5000,the max session num of each LIVEMAILS thread,30020076,0,decoder
probe,decoder,seq,livemails.linknum,INT,1,200000,5000,the max link num of LIVEMAILS protocol,30020077,0,decoder
probe,decoder,seq,livemails.timeout,INT,1,300,100,the max timeout of LIVEMAILS link,30020078,0,decoder
probe,decoder,seq,livemails.frag_num,INT,1,20000,5000,the session num of mail header been fraged,30020079,0,decoder
probe,decoder,seq,livemails.header_len,INT,1,102400,4096,the max length of mail header,30020080,0,decoder
probe,decoder,seq,yahoomails.thread,INT,0,10,0,the thread num of YAHOOMAILS protocol,30020081,0,decoder
probe,decoder,seq,yahoomails.session,INT,1,200000,5000,the max session num of each YAHOOMAILS thread,30020082,0,decoder
probe,decoder,seq,yahoomails.linknum,INT,1,200000,5000,the max link num of YAHOOMAILS protocol,30020083,0,decoder
probe,decoder,seq,yahoomails.timeout,INT,1,300,100,the max timeout of YAHOOMAILS link,30020084,0,decoder
probe,decoder,seq,yahoomails.frag_num,INT,1,20000,5000,the session num of mail header been fraged,30020085,0,decoder
probe,decoder,seq,yahoomails.header_len,INT,1,102400,4096,the max length of mail header,30020086,0,decoder
probe,decoder,seq,qqaudio.thread,INT,0,10,0,the thread num of qqaudio protocol,30020087,0,"decoder,dpi"
probe,decoder,seq,qqaudio.session,INT,1,1000000,5000,the max session num of each qqaudio thread,30020088,0,decoder
probe,decoder,seq,qqaudio.linknum,INT,1,1000000,5000,the max link num of qqaudio protocol,30020089,0,decoder
probe,decoder,seq,qqaudio.timeout,INT,1,300,12,the max timeout of qqaudio link,30020090,0,decoder
probe,decoder,seq,yyaudio.thread,INT,0,10,0,the thread num of yyaudio protocol,30020091,0,"decoder,dpi"
probe,decoder,seq,yyaudio.session,INT,1,1000000,5000,the max session num of each yyaudio thread,30020092,0,decoder
probe,decoder,seq,yyaudio.linknum,INT,1,1000000,5000,the max link num of yyaudio protocol,30020093,0,decoder
probe,decoder,seq,yyaudio.timeout,INT,1,300,12,the max timeout of yyaudio link,30020094,0,decoder
probe,decoder,seq,yyvedio.thread,INT,0,10,0,the thread num of yyaudio protocol,30020095,0,"decoder,dpi"
probe,decoder,seq,yyvedio.session,INT,1,1000000,5000,the max session num of each yyaudio thread,30020096,0,decoder
probe,decoder,seq,yyvedio.linknum,INT,1,1000000,5000,the max link num of yyaudio protocol,30020097,0,decoder
probe,decoder,seq,yyvedio.timeout,INT,1,300,12,the max timeout of yyaudio link,30020098,0,decoder
probe,decoder,seq,icq.thread,INT,0,10,0,the thread num of icq protocol,30020099,0,"decoder,dpi"
probe,decoder,seq,icq.session,INT,1,1000000,5000,the max session num of each icq thread,30020100,0,decoder
probe,decoder,seq,icq.linknum,INT,1,1000000,5000,the max link num of icq protocol,30020101,0,decoder
probe,decoder,seq,icq.timeout,INT,1,300,12,the max timeout of icq link,30020102,0,decoder
probe,decoder,seq,telnet.thread,INT,0,10,0,the thread num of telnet protocol,30020103,0,"decoder,dpi"
probe,decoder,seq,telnet.session,INT,1,1000000,5000,the max session num of each telnet thread,30020104,0,decoder
probe,decoder,seq,telnet.linknum,INT,1,1000000,5000,the max link num of telnet protocol,30020105,0,decoder
probe,decoder,seq,telnet.timeout,INT,1,300,12,the max timeout of telnet link,30020106,0,decoder
probe,decoder,seq,tango.thread,INT,0,10,0,the thread num of tango protocol,30020107,0,"decoder,dpi"
probe,decoder,seq,tango.session,INT,1,1000000,5000,the max session num of each tango thread,30020108,0,decoder
probe,decoder,seq,tango.linknum,INT,1,1000000,5000,the max link num of tango protocol,30020109,0,decoder
probe,decoder,seq,tango.timeout,INT,1,300,12,the max timeout of tango link,30020110,0,decoder
probe,decoder,seq,viber.thread,INT,0,10,0,the thread num of viber protocol,30020111,0,"decoder,dpi"
probe,decoder,seq,viber.session,INT,1,1000000,5000,the max session num of each viber thread,30020112,0,decoder
probe,decoder,seq,viber.linknum,INT,1,1000000,5000,the max link num of viber protocol,30020113,0,decoder
probe,decoder,seq,viber.timeout,INT,1,300,12,the max timeout of viber link,30020114,0,decoder
probe,decoder,seq,sip.thread,INT,0,10,0,the thread num of sip protocol,30020115,0,"decoder,dpi"
probe,decoder,seq,sip.session,INT,1,1000000,5000,the max session num of each sip thread,30020116,0,decoder
probe,decoder,seq,sip.linknum,INT,1,1000000,5000,the max link num of sip protocol,30020117,0,decoder
probe,decoder,seq,sip.timeout,INT,1,300,12,the max timeout of sip link,30020118,0,decoder
probe,decoder,seq,sip.userrate,INT,1,100,10,the max percent of sip frag num,30020119,0,decoder
probe,decoder,seq,rtp.thread,INT,0,10,0,the thread num of rtp protocol,30020120,0,"decoder,dpi"
probe,decoder,seq,rtp.session,INT,1,1000000,5000,the max session num of each rtp thread,30020121,0,decoder
probe,decoder,seq,rtp.linknum,INT,1,1000000,5000,the max link num of rtp protocol,30020122,0,decoder
probe,decoder,seq,rtp.timeout,INT,1,300,12,the max timeout of rtp link,30020123,0,decoder
probe,decoder,seq,mgcp.thread,INT,0,10,0,the thread num of mgcp protocol,30020124,0,"decoder,dpi"
probe,decoder,seq,mgcp.session,INT,1,1000000,5000,the max session num of each mgcp thread,30020125,0,decoder
probe,decoder,seq,mgcp.linknum,INT,1,1000000,5000,the max link num of mgcp protocol,30020126,0,decoder
probe,decoder,seq,mgcp.timeout,INT,1,300,12,the max timeout of mgcp link,30020127,0,decoder
probe,decoder,seq,mgcp.userrate,INT,1,100,10,the max percent of mgcp frag num,30020128,0,decoder
probe,decoder,seq,h248.thread,INT,0,10,0,the thread num of h248 protocol,30020129,0,"decoder,dpi"
probe,decoder,seq,h248.session,INT,1,1000000,5000,the max session num of each h248 thread,30020130,0,decoder
probe,decoder,seq,h248.linknum,INT,1,1000000,5000,the max link num of h248 protocol,30020131,0,decoder
probe,decoder,seq,h248.timeout,INT,1,300,12,the max timeout of h248 link,30020132,0,decoder
probe,decoder,seq,h248.userrate,INT,1,100,10,the max percent of h248 frag num,30020133,0,decoder
probe,decoder,seq,h323.thread,INT,0,10,0,the thread num of h323 protocol,30020134,0,"decoder,dpi"
probe,decoder,seq,h323.session,INT,1,1000000,5000,the max session num of each h323 thread,30020135,0,decoder
probe,decoder,seq,h323.linknum,INT,1,1000000,5000,the max link num of h323 protocol,30020136,0,decoder
probe,decoder,seq,h323.timeout,INT,1,300,12,the max timeout of h323 link,30020137,0,decoder
probe,decoder,seq,h323.userrate,INT,1,100,10,the max percent of h323 frag num,30020138,0,decoder
probe,decoder,seq,iax.thread,INT,0,10,0,the thread num of iax protocol,30020139,0,"decoder,dpi"
probe,decoder,seq,iax.session,INT,1,1000000,5000,the max session num of each iax thread,30020140,0,decoder
probe,decoder,seq,iax.linknum,INT,1,1000000,5000,the max link num of iax protocol,30020141,0,decoder
probe,decoder,seq,iax.timeout,INT,1,300,12,the max timeout of iax link,30020142,0,decoder
probe,decoder,seq,irc.thread,INT,0,10,0,the thread num of irc protocol,30020143,0,"decoder,dpi"
probe,decoder,seq,irc.session,INT,1,1000000,5000,the max session num of each irc thread,30020144,0,decoder
probe,decoder,seq,irc.linknum,INT,1,1000000,5000,the max link num of irc protocol,30020145,0,decoder
probe,decoder,seq,irc.timeout,INT,1,300,12,the max timeout of irc link,30020146,0,decoder
probe,decoder,seq,irc.userrate,INT,1,100,10,the max percent of irc frag num,30020147,0,decoder
probe,decoder,seq,irc.chat_count,INT,1,128,12,the max chat_count of irc ,30020148,0,decoder
probe,decoder,seq,dns.thread,INT,0,10,0,the thread num of dns protocol,30020149,0,"decoder,dpi"
probe,decoder,seq,dns.session,INT,1,1000000,5000,the max session num of each dns thread,30020150,0,decoder
probe,decoder,seq,dns.linknum,INT,1,1000000,5000,the max link num of dns protocol,30020151,0,decoder
probe,decoder,seq,dns.timeout,INT,1,300,12,the max timeout of dns link,30020152,0,decoder
probe,decoder,seq,mms.thread,INT,0,10,0,the thread num of mms protocol,30020153,0,"decoder,dpi"
probe,decoder,seq,mms.session,INT,1,1000000,5000,the max session num of each mms thread,30020154,0,decoder
probe,decoder,seq,mms.linknum,INT,1,1000000,5000,the max link num of mms protocol,30020155,0,decoder
probe,decoder,seq,mms.timeout,INT,1,300,12,the max timeout of mms link,30020156,0,decoder
probe,decoder,seq,icqftp.thread,INT,0,10,0,the thread num of ICQFTP protocol,30020157,0,"decoder,dpi"
probe,decoder,seq,icqftp.session,INT,1,1000000,5000,the max session num of each ICQFTP thread,30020158,0,decoder
probe,decoder,seq,icqftp.linknum,INT,1,1000000,5000,the max link num of ICQFTP protocol,30020159,0,decoder
probe,decoder,seq,icqftp.timeout,INT,1,300,12,the max timeout of ICQFTP link,30020160,0,decoder
probe,decoder,seq,pptp.thread,INT,0,10,0,the thread num of PPTP protocol,30020161,0,"decoder,dpi"
probe,decoder,seq,pptp.session,INT,1,1000000,5000,the max session num of each PPTP thread,30020162,0,decoder
probe,decoder,seq,pptp.linknum,INT,1,1000000,5000,the max link num of PPTP protocol,30020163,0,decoder
probe,decoder,seq,pptp.timeout,INT,1,300,12,the max timeout of PPTP link,30020164,0,decoder
probe,decoder,seq,l2tp.thread,INT,0,10,0,the thread num of L2TP protocol,30020165,0,"decoder,dpi"
probe,decoder,seq,l2tp.session,INT,1,1000000,5000,the max session num of each L2TP thread,30020166,0,decoder
probe,decoder,seq,l2tp.linknum,INT,1,1000000,5000,the max link num of L2TP protocol,30020167,0,decoder
probe,decoder,seq,l2tp.timeout,INT,1,300,12,the max timeout of L2TP link,30020168,0,decoder
probe,decoder,seq,tftp.thread,INT,0,10,0,the thread num of TFTP protocol,30020169,0,"decoder,dpi"
probe,decoder,seq,tftp.session,INT,1,1000000,5000,the max session num of each TFTP thread,30020170,0,decoder
probe,decoder,seq,tftp.linknum,INT,1,1000000,5000,the max link num of TFTP protocol,30020171,0,decoder
probe,decoder,seq,tftp.timeout,INT,1,300,12,the max timeout of TFTP link,30020172,0,decoder
probe,decoder,seq,p2p.thread,INT,0,10,0,the thread num of P2P protocol,30020173,0,"decoder,dpi"
probe,decoder,seq,p2p.session,INT,1,1000000,5000,the max session num of each P2P thread,30020174,0,decoder
probe,decoder,seq,p2p.linknum,INT,1,1000000,5000,the max link num of P2P protocol,30020175,0,decoder
probe,decoder,seq,p2p.timeout,INT,1,300,12,the max timeout of P2P link,30020176,0,decoder
probe,decoder,seq,beetalk.thread,INT,0,10,0,the thread num of BEETALK protocol,30020177,0,"decoder,dpi"
probe,decoder,seq,beetalk.session,INT,1,1000000,5000,the max session num of each BEETALK thread,30020178,0,decoder
probe,decoder,seq,beetalk.linknum,INT,1,1000000,5000,the max link num of BEETALK protocol,30020179,0,decoder
probe,decoder,seq,beetalk.timeout,INT,1,300,12,the max timeout of BEETALK link,30020180,0,decoder
probe,decoder,seq,https.thread,INT,0,10,0,the thread num of HTTPS protocol,30020181,0,"decoder,dpi"
probe,decoder,seq,https.session,INT,1,1000000,5000,the max session num of each HTTPS thread,30020182,0,decoder
probe,decoder,seq,https.linknum,INT,1,1000000,5000,the max link num of HTTPS protocol,30020183,0,decoder
probe,decoder,seq,https.timeout,INT,1,300,12,the max timeout of HTTPS link,30020184,0,decoder
probe,decoder,seq,oovoo.thread,INT,0,10,0,the thread num of ooVoo protocol,30020185,0,"decoder,dpi"
probe,decoder,seq,oovoo.session,INT,1,1000000,5000,the max session num of each ooVoo thread,30020186,0,decoder
probe,decoder,seq,oovoo.linknum,INT,1,1000000,5000,the max link num of ooVoo protocol,30020187,0,decoder
probe,decoder,seq,oovoo.timeout,INT,1,300,12,the max timeout of ooVoo link,30020188,0,decoder
probe,decoder,seq,bilin.thread,INT,0,10,0,the thread num of bilin protocol,30020189,0,"decoder,dpi"
probe,decoder,seq,bilin.session,INT,1,1000000,5000,the max session num of each bilin thread,30020190,0,decoder
probe,decoder,seq,bilin.linknum,INT,1,1000000,5000,the max link num of bilin protocol,30020191,0,decoder
probe,decoder,seq,bilin.timeout,INT,1,300,12,the max timeout of bilin link,30020192,0,decoder
probe,decoder,seq,qq.thread,INT,0,10,0,the thread num of qq protocol,30020193,0,"decoder,dpi"
probe,decoder,seq,qq.session,INT,1,1000000,5000,the max session num of each qq thread,30020194,0,decoder
probe,decoder,seq,qq.linknum,INT,1,1000000,5000,the max link num of qq protocol,30020195,0,decoder
probe,decoder,seq,qq.timeout,INT,1,300,12,the max timeout of qq link,30020196,0,decoder
probe,decoder,seq,ispeak.thread,INT,0,10,0,the thread num of ispeak protocol,30020197,0,"decoder,dpi"
probe,decoder,seq,ispeak.session,INT,1,1000000,5000,the max session num of each ispeak thread,30020198,0,decoder
probe,decoder,seq,ispeak.linknum,INT,1,1000000,5000,the max link num of ispeak protocol,30020199,0,decoder
probe,decoder,seq,ispeak.timeout,INT,1,300,12,the max timeout of ispeak link,30020200,0,decoder
probe,decoder,seq,weixin.thread,INT,0,10,0,the thread num of weixin protocol,30020201,0,"decoder,dpi"
probe,decoder,seq,weixin.session,INT,1,1000000,5000,the max session num of each weixin thread,30020202,0,decoder
probe,decoder,seq,weixin.linknum,INT,1,1000000,5000,the max link num of weixin protocol,30020203,0,decoder
probe,decoder,seq,weixin.timeout,INT,1,300,12,the max timeout of weixin link,30020204,0,decoder
probe,decoder,seq,coco.thread,INT,0,10,0,the thread num of coco protocol,30020205,0,"decoder,dpi"
probe,decoder,seq,coco.session,INT,1,1000000,5000,the max session num of each coco thread,30020206,0,decoder
probe,decoder,seq,coco.linknum,INT,1,1000000,5000,the max link num of coco protocol,30020207,0,decoder
probe,decoder,seq,coco.timeout,INT,1,300,12,the max timeout of coco link,30020208,0,decoder
probe,decoder,seq,telegram.thread,INT,0,10,0,the thread num of telegram protocol,30020209,0,"decoder,dpi"
probe,decoder,seq,telegram.session,INT,1,1000000,5000,the max session num of each telegram thread,30020210,0,decoder
probe,decoder,seq,telegram.linknum,INT,1,1000000,5000,the max link num of telegram protocol,30020211,0,decoder
probe,decoder,seq,telegram.timeout,INT,1,300,12,the max timeout of telegram link,30020212,0,decoder
probe,decoder,seq,miliao.thread,INT,0,10,0,the thread num of miliao protocol,30020213,0,"decoder,dpi"
probe,decoder,seq,miliao.session,INT,1,1000000,5000,the max session num of each miliao thread,30020214,0,decoder
probe,decoder,seq,miliao.linknum,INT,1,1000000,5000,the max link num of miliao protocol,30020215,0,decoder
probe,decoder,seq,miliao.timeout,INT,1,300,12,the max timeout of miliao link,30020216,0,decoder
probe,decoder,seq,line.thread,INT,0,10,0,the thread num of line protocol,30020217,0,"decoder,dpi"
probe,decoder,seq,line.session,INT,1,1000000,5000,the max session num of each line thread,30020218,0,decoder
probe,decoder,seq,line.linknum,INT,1,1000000,5000,the max link num of line protocol,30020219,0,decoder
probe,decoder,seq,line.timeout,INT,1,300,12,the max timeout of line link,30020220,0,decoder
probe,decoder,seq,skype.thread,INT,0,10,0,the thread num of skype protocol,30020221,0,"decoder,dpi"
probe,decoder,seq,skype.session,INT,1,1000000,5000,the max session num of each skype thread,30020222,0,decoder
probe,decoder,seq,skype.linknum,INT,1,1000000,5000,the max link num of skype protocol,30020223,0,decoder
probe,decoder,seq,skype.timeout,INT,1,300,12,the max timeout of skype link,30020224,0,decoder
probe,decoder,seq,whatsapp.thread,INT,0,10,0,the thread num of whatsapp protocol,30020225,0,"decoder,dpi"
probe,decoder,seq,whatsapp.session,INT,1,1000000,5000,the max session num of each whatsapp thread,30020226,0,decoder
probe,decoder,seq,whatsapp.linknum,INT,1,1000000,5000,the max link num of whatsapp protocol,30020227,0,decoder
probe,decoder,seq,whatsapp.timeout,INT,1,300,12,the max timeout of whatsapp link,30020228,0,decoder
probe,decoder,seq,protoplat.thread,INT,0,10,0,the thread num of protoplat protocol,30020229,0,"decoder,dpi"
probe,decoder,seq,protoplat.session,INT,1,1000000,5000,the max session num of each protoplat thread,30020230,0,decoder
probe,decoder,seq,protoplat.linknum,INT,1,1000000,5000,the max link num of protoplat protocol,30020231,0,decoder
probe,decoder,seq,protoplat.timeout,INT,1,300,12,the max timeout of protoplat link,30020232,0,decoder
probe,decoder,seq,isakmp.thread,INT,0,10,0,the thread num of isakmp protocol,30020233,0,"decoder,dpi"
probe,decoder,seq,isakmp.session,INT,1,1000000,5000,the max session num of each isakmp thread,30020234,0,decoder
probe,decoder,seq,isakmp.linknum,INT,1,1000000,5000,the max link num of isakmp protocol,30020235,0,decoder
probe,decoder,seq,isakmp.timeout,INT,1,300,12,the max timeout of isakmp link,30020236,0,decoder
probe,decoder,seq,kerberos.thread,INT,0,10,0,the thread num of kerberos protocol,30020237,0,"decoder,dpi"
probe,decoder,seq,kerberos.session,INT,1,1000000,5000,the max session num of each kerberos thread,30020238,0,decoder
probe,decoder,seq,kerberos.linknum,INT,1,1000000,5000,the max link num of kerberos protocol,30020239,0,decoder
probe,decoder,seq,kerberos.timeout,INT,1,300,12,the max timeout of kerberos link,30020240,0,decoder
probe,decoder,seq,ldap.thread,INT,0,10,0,the thread num of ldap protocol,30020241,0,"decoder,dpi"
probe,decoder,seq,ldap.session,INT,1,1000000,5000,the max session num of each ldap thread,30020242,0,decoder
probe,decoder,seq,ldap.linknum,INT,1,1000000,5000,the max link num of ldap protocol,30020243,0,decoder
probe,decoder,seq,ldap.timeout,INT,1,300,12,the max timeout of ldap link,30020244,0,decoder
probe,decoder,seq,mysql.thread,INT,0,10,0,the thread num of mysql protocol,30020245,0,"decoder,dpi"
probe,decoder,seq,mysql.session,INT,1,1000000,5000,the max session num of each mysql thread,30020246,0,decoder
probe,decoder,seq,mysql.linknum,INT,1,1000000,5000,the max link num of mysql protocol,30020247,0,decoder
probe,decoder,seq,mysql.timeout,INT,1,300,12,the max timeout of mysql link,30020248,0,decoder
probe,decoder,seq,vnc.thread,INT,0,10,0,the thread num of vnc protocol,30020249,0,"decoder,dpi"
probe,decoder,seq,vnc.session,INT,1,1000000,5000,the max session num of each vnc thread,30020250,0,decoder
probe,decoder,seq,vnc.linknum,INT,1,1000000,5000,the max link num of vnc protocol,30020251,0,decoder
probe,decoder,seq,vnc.timeout,INT,1,300,12,the max timeout of vnc link,30020252,0,decoder
probe,decoder,seq,ssh.thread,INT,0,10,0,the thread num of ssh protocol,30020253,0,"decoder,dpi"
probe,decoder,seq,ssh.session,INT,1,1000000,5000,the max session num of each ssh thread,30020254,0,decoder
probe,decoder,seq,ssh.linknum,INT,1,1000000,5000,the max link num of ssh protocol,30020255,0,decoder
probe,decoder,seq,ssh.timeout,INT,1,300,12,the max timeout of ssh link,30020256,0,decoder
probe,decoder,seq,rdp.thread,INT,0,10,0,the thread num of rdp protocol,30020257,0,"decoder,dpi"
probe,decoder,seq,rdp.session,INT,1,1000000,5000,the max session num of each rdp thread,30020258,0,decoder
probe,decoder,seq,rdp.linknum,INT,1,1000000,5000,the max link num of rdp protocol,30020259,0,decoder
probe,decoder,seq,rdp.timeout,INT,1,300,12,the max timeout of rdp link,30020260,0,decoder
probe,decoder,seq,smb.thread,INT,0,10,0,the thread num of smb protocol,30020261,0,"decoder,dpi"
probe,decoder,seq,smb.session,INT,1,1000000,5000,the max session num of each smb thread,30020262,0,decoder
probe,decoder,seq,smb.linknum,INT,1,1000000,5000,the max link num of smb protocol,30020263,0,decoder
probe,decoder,seq,smb.timeout,INT,1,300,12,the max timeout of smb link,30020264,0,decoder
probe,decoder,seq,vm_seq,STRING,0,127,0,vm_seq,20020265,0,decoder
probe,vm,seq,ip,IP,0,4294967295,0,vm ip,30680001,0,vm
probe,vm,seq,port,INT,0,65535,0,vm port,30680002,0,vm
probe,vm,seq,vm_num,INT,0,99,0,vm_num,30680003,0,vm
probe,vm,seq,decoder_seq,STRING,0,127,0,decoder_seq,30680004,0,vm
probe,vddqd,seq,ip,IP,0,4294967295,0,vddqd ip,30670001,0,vddqd
probe,vddqd,seq,port,INT,0,65535,0,vddqd port,30670002,0,vddqd
server,scm,global,syscpualarm,INT,1,100,80,"the system cpu alarm value,if the cpu utilization rate is larger than the config value,the system will be record the time,once the duration time is larger than the syscpualarmtime,it will be restart! The unit is percent, and the default value is 80%,the max value is 100%.",1,0,
server,scm,global,syscpualarmtime,INT,1,600,600,"the system cpu alarm time,if the cpu duration time is larger than the config value,the system will reboot! The unit is second.",2,0,
server,scm,seq,ip,IP,0,4294967295,0,the ip of scm process,3,0,
server,scm,seq,port,INT,0,65536,0,the port of scm process,4,0,
